"MSI GeForce RTX 3090 VENTUS 3X 24G OC";"от 265 000 до 328 750 р."
"Gigabyte GeForce RTX 3090 GAMING OC 24G";"от 287 990 до 299 990 р."
"Palit GeForce RTX 3090 GamingPro";"от 265 000 до 329 120 р."
"Gigabyte GeForce RTX 3090 VISION OC 24G";265 000 р.
"Gigabyte GeForce RTX 3090 TURBO 24G";"от 286 999 до 358 700 р."
"Gigabyte GeForce RTX 3090 EAGLE OC 24G";299 999 р.
"Palit GeForce RTX 3090 GameRock";"от 292 999 до 330 288 р."
"Asus GeForce RTX 3090 TURBO";"от 295 000 до 298 730 р."
"Gigabyte AORUS RTX 3090 GAMING BOX";"от 230 001 до 247 500 р."
"MSI GeForce RTX 3090 GAMING X TRIO";"от 260 000 до 346 016 р."
"Asus GeForce RTX 3090 ROG STRIX GAMING";"от 270 000 до 294 297 р."
"Asus GeForce RTX 3090 ROG STRIX OC White";294 297 р.
"EVGA GeForce RTX 3090 FTW3 ULTRA GAMING";336 700 р.
"Gigabyte GeForce RTX 3090 AORUS XTREME 24G";"от 316 720 р."
"Asus GeForce RTX 3090 TUF GAMING OC";"от 260 000 до 369 608 р."
"Gainward GeForce RTX 3090 Phoenix";"от 265 000 р."
"Gainward GeForce RTX 3090 Phantom";"от 259 000 р."
"ZOTAC GeForce RTX 3090 Trinity OC";287 490 р.
"Gigabyte GeForce RTX 3090 AORUS MASTER 24G";265 000 р.
"Colorful GeForce RTX 3090 Advanced OC-V";289 000 р.
"Gigabyte GeForce RTX 3090 AORUS XTREME WATERFORCE WB 24G";"от 306 870 р."
"MSI GeForce RTX 3090 GAMING TRIO 24G";"от 294 990 р."
"EVGA GeForce RTX 3090 XC3 ULTRA GAMING";"от 261 990 р."
"ZOTAC GeForce RTX 3090 AMP Extreme Holo";"от 250 540 р."
"EVGA GeForce RTX 3090 XC3 ULTRA GAMING";"от 261 990 р."
"ZOTAC GeForce RTX 3090 AMP Extreme Holo";"от 250 540 р."
"Asus GeForce RTX 3090 EKWB";"от 351 375 р."
"INNO3D GeForce RTX 3090 ICHILL X4";"от 289 999 р."
"ZOTAC GeForce RTX 3090 ArcticStorm";"от 247 302 р."
"PNY GeForce RTX 3090 24GB XLR8 Gaming REVEL EPIC-X";"от 401 990 р."
"Gigabyte GeForce RTX 3090 AORUS XTREME WATERFORCE 24G";"от 335 990 р."
"MSI GeForce RTX 3090 AERO 24G";"от 226 900 р."
"MSI GeForce RTX 3090 SUPRIM 24G";"от 240 460 р."
"INNO3D GeForce RTX 3090 X3";"от 249 000 р."
"INNO3D GeForce RTX 3090 ICHILL FROSTBITE";"Нет в наличии"
"KFA2 GeForce RTX 3090 39NSM5MD1GNK";"Нет в наличии"
"EVGA GeForce RTX 3090 FTW3 GAMING";"Нет в наличии"
"MSI GeForce RTX 3090 VENTUS 3X 24G";"от 162 200 р."
"ZOTAC GeForce RTX 3090 AMP Core Holo";"от 209 500 р."
"Colorful GeForce RTX 3090 Neptune OC-V";"от 272 950 р."
"INNO3D GeForce RTX 3090 ICHILL X3";"от 274 399 р."
"INNO3D GeForce RTX 3090 GAMING X3";"от 239 770 р."
"EVGA GeForce RTX 3090 XC3 GAMING";"Нет в наличии"
"Colorful GeForce RTX 3090 Vulcan OC-V";"от 272 900 р."
"PNY GeForce RTX 3090 24GB XLR8 Gaming UPRISING EPIC-X";"от 478 975 р."
"KFA2 GeForce RTX 3090 39NXM5MD3BNK";"Нет в наличии"
"KFA2 GeForce RTX 3090 39NXM5MD3BLK";"Нет в наличии"
"EVGA GeForce RTX 3090 K|NGP|N HYBRID GAMING";"от 303 302 р."
"EVGA GeForce RTX 3090 XC3 ULTRA HYDRO COPPER GAMING";"Нет в наличии"
"EVGA GeForce RTX 3090 FTW3 ULTRA HYDRO COPPER GAMING";"Нет в наличии"
"EVGA GeForce RTX 3090 XC3 ULTRA HYBRID GAMING";"от 213 290 р."
"EVGA GeForce RTX 3090 FTW3 ULTRA HYBRID GAMING";"от 235 066 р."
